image_id,dAP50,AP50_A,AP50_D,ITA,group
00722c0022ce074f26265087,-0.01721047229761974,0.3554109749796842,0.3382005026820645,54.35404529121761,I-II
00bd76536271905681e4462c,0.0,0.995,0.995,-32.84532969801713,VI
00cf569cf91b5a7855547f9a,-0.06666666666666676,0.995,0.9283333333333332,51.16902966225568,I-II
04033cfb85fc5af497ad6e56,0.03893284493284488,0.4256825396825398,0.46461538461538465,6.474413029199192,III-V
0425f20d2a6f9e70792d8c65,0.22059999999999985,0.46,0.6805999999999999,35.58159757040907,III-V
058b333c466e8dc301052e68,0.015923741100296984,0.4278123439528613,0.44373608505315826,74.83823983198947,I-II
058c1d941a8b62294b38a85d,0.03333333333333344,0.9616666666666666,0.995,32.4331239524529,III-V
063238ff3be92358dc57015c,0.02657509157509161,0.1409249084249084,0.1675,66.42521248880048,I-II
07e37e164ae929c6003bd97e,0.0,0.995,0.995,38.92474035597934,III-V
0abefa9a60d9fe79681f41d9,0.018867924528302105,0.495,0.5138679245283021,-5.653649324221356,III-V
0b712f897c4add86608b91b6,0.0,0.995,0.995,2.54336491056276,III-V
0e13c8b58bb44e84cce913d3,0.1709141706641183,0.1782818435318959,0.3491960141960142,-7.413110695144039,III-V
0e60eb423a7fc71abef25c2d,0.53125,0.0925,0.62375,24.731404932261142,III-V
0f0726987f9dc17cf741b464,0.0005349462365591452,0.016048387096774187,0.016583333333333332,60.001564198872586,I-II
130c0b07c19038dab2859712,0.0,0.995,0.995,62.66423271147564,I-II
14cb8219a595d17a1b8ecbf7,-0.214676931286507,0.48264025650531817,0.26796332521881117,7.737369866765834,III-V
14cd6a015317f378729f01ce,-0.014528801633184374,0.5247085998960883,0.5101797982629039,38.2861216122385,III-V
15605eebcb7c21b075709336,0.0,0.995,0.995,56.732952778559394,I-II
177a2277b22684e41d563e22,0.14145303252745023,0.5489092567259461,0.6903622892533964,59.4315750069317,I-II
17fbf30346c613fe8dc7a497,-0.1444871794871795,0.2578205128205128,0.11333333333333331,36.813375296226994,III-V
18b1a94bb3c285c5451bf96c,0.0,0.995,0.995,82.41784006975932,I-II
197ac20d872b8d8e0c7547aa,0.0,0.995,0.995,55.37485161335487,I-II
19868d71db058e76c02c24b8,0.030459703405980386,0.06173469387755102,0.0921943972835314,31.106804055395443,III-V
199fc42a394c6d83975adb79,0.0,0.9303333333333335,0.9303333333333335,52.82629946091298,I-II
1d5824b665f7cff297928581,0.0815769230769231,0.1844230769230769,0.266,3.338666584298253,III-V
1d5e9f83bd3957b9a541d853,0.16666666666666685,0.8283333333333331,0.995,-22.21172973595706,III-V
1d9ee058a6888b3e8b58a620,-0.13266666666666665,0.33166666666666667,0.199,-55.96594347715222,VI
1dce46c48fa8bcd4bad3a3e6,-0.015528092240218193,0.031656420593530986,0.016128328353312793,24.70914213711461,III-V
206f51c97a4cc86740dba1c9,-0.03234071888432977,0.2376068777749254,0.20526615889059563,9.879111541582793,III-V
24a2a19f8e35ce4b3cb630de,-0.10185916100506853,0.5589999999999999,0.4571408389949314,61.79328966784019,I-II
25ae7146196dc5ceb2346975,0.019144899976718532,0.19686061999057053,0.21600551996728906,31.34073461991112,III-V
25c2203def21f7605198224b,0.2603610574860574,0.6028135456885457,0.8631746031746032,,no ITA
2767b0b65e33f948bac6e945,0.0,0.995,0.995,66.80241871521059,I-II
28c436fdb0fbb87f5cc695de,0.0,0.995,0.995,33.016404921023266,III-V
29fac24ecc9c28c6c9340743,-0.09517354596622882,0.3391666666666666,0.2439931207004378,80.74137684597478,I-II
2a375d2a00c9dae44d18219f,0.0,0.995,0.995,64.9733833223729,I-II
2b2727678073b979a33b83c7,0.0,0.995,0.995,6.5869415156070845,III-V
2f6ffedc56eb1993bcbef361,-0.32959869759869753,0.5303928571428571,0.20079415954415955,35.32194844936822,III-V
2fd2df9e7b032752e89990d8,0.0,0.995,0.995,83.11417721627772,I-II
30b331e6d4c550174b4eeb3d,0.16838256840525267,0.5208101798027753,0.689192748208028,55.42766917058201,I-II
3726c2dc78c5ac3c80b32aa0,0.007762866653697714,0.1960710009275656,0.20383386758126332,2.8582235599385544,III-V
3abcca8d82c63a89c59b25e4,0.0,0.995,0.995,-8.5214030397238,III-V
3b34700c4291995b2b184248,0.0,0.995,0.995,45.36162863982482,I-II
3bf12e5119d63e254c06ddec,0.02805464550207104,0.13412839720952774,0.16218304271159878,39.18002489556003,III-V
3ce80e21f95b92f40cbbb394,0.0348737063508634,0.3744679657854415,0.4093416721363049,19.46519399441709,III-V
3d70eca6aa08428d328b6052,0.03107936507936493,0.739920634920635,0.7709999999999999,38.20810848832208,III-V
3e9681f4b34eb68d78002cba,0.10918656864411581,0.012641509433962264,0.12182807807807808,-1.8911998195687485,III-V
4205153f7fdae63ffd7017e8,0.0,0.995,0.995,64.57515092082564,I-II
422143a960ae73503f375b09,0.21895612358655836,0.4083333333333333,0.6272894569198917,54.365906002716535,I-II
42c710771a062d4a77923ee0,-0.166,0.265,0.099,18.70063939074283,III-V
434b605d171435edbc358af7,-0.27871794871794897,0.845,0.566282051282051,42.682445612215645,I-II
4393f172c4940d79e4ab0aed,-0.018387878747611608,0.5170009642197004,0.4986130854720888,46.73253934182625,I-II
43ca36715c9cd7423df6552c,0.10714285714285732,0.3903571428571427,0.4975,-19.747135278358737,III-V
45947da12fc08fc8167a7a69,-0.3050227272727273,0.32627272727272727,0.021249999999999998,19.911436170290088,III-V
45a9298f53fd946836296643,0.0,0.995,0.995,32.02352987932723,III-V
45c60b78f66e7003666f378c,0.0,0.995,0.995,-33.44726951939319,VI
45dc6fc0730ac5e5e65a611f,-0.22456564695689757,0.4131299271179639,0.18856428016106636,58.730381610581375,I-II
461658759bfe911b5de60954,-0.1649999999999998,0.995,0.8300000000000002,37.83332494037407,III-V
46fd2836524b2e79485153ad,0.0,0.995,0.995,-17.46261398284018,III-V
4795ef24d5bdd4cb736b9fff,-0.05805860805860816,0.30464285714285727,0.2465842490842491,70.82464778658785,I-II
4827e13c0e04cf732c3c3f3f,-0.020095513182469715,0.8968268398268398,0.87673132664437,-1.2277666605788498,III-V
484ca9f390e7874a21bb8475,0.0,0.995,0.995,-43.649755661744685,VI
4a63b5022385cf885142d5c4,0.0,0.4975,0.4975,38.205153012873936,III-V
4b7f0bb26cb6e36e7c8deee0,0.17683700465888247,0.3905015625759695,0.567338567234852,-14.619608822310228,III-V
4cb975fa3944cd81815c846c,-0.19357142857142856,0.2525,0.058928571428571434,14.65607931753093,III-V
4d377afa2f1998905fbd9913,-0.39599480265177944,0.5208881525451293,0.12489334989334991,47.69140047759724,I-II
4e140ab0f19a69a5a67198e0,-0.12585420920321855,0.3902807486631016,0.26442653945988304,63.86947152389086,I-II
4ed8b1c66aff57265e8a1f7a,0.0,0.995,0.995,-20.93254630001175,III-V
50e25fdd3abb0d7b5ac5a3a3,0.15654145444255807,0.5840725806451612,0.7406140350877193,67.20072991006487,I-II
50e55c2084873b3099813c23,-0.6363888888888889,0.995,0.3586111111111111,-35.89304884002506,VI
51ffb30e972502de8ca18d5d,-0.4975,0.995,0.4975,48.12805538739492,I-II
530ec21c8433623f880e98b8,0.10850187617260809,0.4688333333333333,0.5773352095059414,48.6556683732451,I-II
53caad93eba941b3b0fef9b4,0.0,0.995,0.995,39.846705516701775,III-V
55e3dfe9480a2b007dec946b,0.0,0.995,0.995,82.77705567190975,I-II
5b5d0760a6793f739b110ae8,-0.6633333333333333,0.995,0.33166666666666667,65.41531202119224,I-II
5d63921ac5b970962ebf4eeb,0.0,0.995,0.995,-35.42467695338999,VI
601631f14e53a55fcfc077f3,-0.74625,0.995,0.24875,67.76666705133704,I-II
609215618e2eb387c181c62a,-0.09757763304856804,0.4348882894571655,0.3373106564085975,17.1872891796836,III-V
60a555c8d9cbcf69692c2928,-0.21234113451160402,0.2132445161541161,0.0009033816425120774,47.73791884516175,I-II
6517f427ef60fceaf85683aa,0.16583333333333333,0.33166666666666667,0.4975,62.2542920746979,I-II
6565900220c9392674f6d78e,0.021293048109904955,0.6124452696471044,0.6337383177570094,36.11704913529004,III-V
65eec236caa37d2c2c072949,0.0,0.995,0.995,70.06578331081883,I-II
683b35be0c1d5ff886e5f5b0,-0.03397849729884775,0.1280364683133405,0.09405797101449276,81.64459046872189,I-II
69045f22f7d6910d1b609d19,0.0,0.995,0.995,-27.18306683315137,III-V
696af1538f56bd9a3dcc8881,-0.0031099834299917143,0.004852941176470588,0.0017429577464788731,69.39481897455559,I-II
6a029f29e6433fa6212cb681,-0.070882142857143,0.7634821428571428,0.6925999999999998,56.75030244808714,I-II
6a61b737e398ddea6a7b69df,-0.01742593869052328,0.37236361522344696,0.3549376765329237,39.52080228194633,III-V
6b35d69443dec7bf9e8554c7,0.0,0.995,0.995,32.41968919203618,III-V
6b94765509993ce256a69692,0.0,0.995,0.995,68.73720215765327,I-II
6ed5e9041e0f274c8af4ea95,0.0,0.995,0.995,18.088738227211238,III-V
6f2fcd7863299774b259eca7,-0.3639972527472526,0.6438690476190475,0.2798717948717949,51.38413427386404,I-II
705addc5fe15b199ce3a755b,0.0,0.995,0.995,-2.819996384688756,III-V
70bbb2b2be0a8eeb151567ac,-0.0677221935134639,0.2014612304688958,0.1337390369554319,47.954269963137655,I-II
741106ffea83a4ba4d9805f5,0.017029661363743565,0.41883130081300807,0.43586096217675163,36.05295442644056,III-V
765ef6b66cf976c8047f4f66,0.0,0.995,0.995,68.2998414043822,I-II
76bb8f2af3e2465c2328b46d,0.044529253554844106,0.010141076115485564,0.05467032967032967,-11.527122507341812,III-V
79200e58355b114110be16d7,-0.050000000000000155,0.7450000000000001,0.695,65.50464400009051,I-II
7968ae48a455841c26b5b927,0.08692857142857113,0.7795000000000002,0.8664285714285713,-39.56969685170971,VI
7de0b544a4cc8c173084d91a,-0.028331168831168818,0.3075,0.2791688311688312,40.77903088832919,III-V
7e4b5ffdc39861406fd71481,0.1166666666666667,0.31,0.4266666666666667,28.55059535887096,III-V
7e9210ff3ed49ea404bee378,0.0,0.995,0.995,46.9795071142817,I-II
803dd3b55c24617632679ba5,0.0,0.995,0.995,68.08691073421134,I-II
804290ff7dd8ba00ac80d80c,-0.2174999999999998,0.995,0.7775000000000002,40.4403596926366,III-V
81c3cf568bab6999bd09b3a9,-0.4975,0.995,0.4975,60.846279207199984,I-II
8491b532cabc56e8f3fbf5bf,0.0,0.995,0.995,50.92906800123544,I-II
84e41b2c0d7a71116b62c93a,0.02298076923076923,0.0,0.02298076923076923,21.608391493001943,III-V
850a43a638101b2d73398dae,0.08745326954581978,0.3932037037037037,0.4806569732495235,-25.856378226791158,III-V
8906c57324c289a6e18bce2c,0.0036943004405022295,0.3928619909502262,0.39655629139072845,-15.587498013556862,III-V
89fc8e99914d98374d0962f6,0.0,0.995,0.995,81.84601005695308,I-II
8ad5871d5c3d9004df467b13,0.0,0.995,0.995,18.556176843009776,III-V
8b728a252334017cf9ed91b2,0.0,0.995,0.995,35.299983251198505,III-V
8ca33651fdc6e0989475c1bc,-0.6633333333333333,0.995,0.33166666666666667,14.52282668007573,III-V
8f37e22fea8c67c63325d52c,-0.1066071428571429,0.24875,0.1421428571428571,82.91862150271106,I-II
9085befa3897cd8db137262e,0.0,0.995,0.995,-48.66125132274832,VI
946431d0bbc3d4829fd36f21,0.4037165178571428,0.04664062500000001,0.4503571428571428,13.384565032525474,III-V
9488d2f907900a18f4c60d75,0.03248075224394714,0.27523489050404404,0.3077156427479912,47.18361158077677,I-II
949a3dd5c1f57f82b2aff746,-0.1636198803845862,0.30155405405405394,0.13793417366946775,66.29434320328131,I-II
94d09162ed8f620673142e4a,0.05137260127931753,0.46523809523809534,0.5166106965174129,9.486960152183336,III-V
9649bfdcc59063a94ddc996a,0.0,0.995,0.995,6.25129131930641,III-V
970da0db2e243e3f66ead561,0.0,0.995,0.995,48.599629524621314,I-II
97693d17b414e90ba50068c5,0.031922467458970094,0.6369298245614035,0.6688522920203736,34.3735119368124,III-V
9915192b884dd5e82ce13b02,-0.16201728238004848,0.30902964959568735,0.14701236721563887,26.12659716691037,III-V
9a09256e53d71c27f2494b2b,0.18242782455864479,0.09415524986709198,0.27658307442573676,56.241268888142194,I-II
9d3e9fef055268cf8bb1b752,0.0,0.995,0.995,31.6527568736788,III-V
9e8b998e8ddd81fbe4207114,0.0,0.995,0.995,-4.428891127621192,III-V
a0e6dee01d436d612ee72025,0.10714285714285743,0.8878571428571426,0.995,43.3807404198288,I-II
a1b116a1193e21bb56edc6f3,0.16583333333333333,0.4975,0.6633333333333333,45.63561681499499,I-II
a1e50a68fd0057bebf7e3775,0.24875,0.24875,0.4975,-41.370952953411134,VI
a2db994b68ca188cf552f695,0.012013780550265585,0.4017046720513905,0.4137184526016561,62.537520490042006,I-II
a4221062c0ac1a3eb70302d5,0.0,0.995,0.995,36.67960938392071,III-V
a60969d5d95d0c7d11d2cf3c,0.0,0.995,0.995,40.22865317479667,III-V
a9841de0d6da305c9d57530f,0.2931704246673572,0.47486853637160376,0.768038961038961,-17.880088409755132,III-V
a98b769c554030194e77ce0b,0.020204081632653192,0.665,0.6852040816326532,36.49614229567671,III-V
ab9f2dfc2ed968121e829a2d,-0.17833333333333334,0.36333333333333334,0.185,,no ITA
ad5411a97749e42efdf980f6,-0.10051292191983624,0.447621212795302,0.34710829087546574,74.4920853106931,I-II
aec0f2f6a940ad58410cdbaa,0.018397337429595595,0.8599359959037378,0.8783333333333334,44.80855996210309,I-II
b0ceb0dba1b2bb4f4f194c22,-0.18387297841389164,0.3663373277900057,0.18246434937611408,66.03961179787774,I-II
b5c2d400347da3a9321d9293,0.16583333333333333,0.33166666666666667,0.4975,48.35923624730581,I-II
b78574de9eb11a171bb4a86f,-0.08634383012391178,0.3926261090371356,0.3062822789132238,69.71754075603772,I-II
b9393225ce126de09d300312,0.0,0.995,0.995,33.56054614434689,III-V
bb72d53ee9471803a6e58e86,0.296,0.0115,0.3075,-26.084350443417208,III-V
bba4b74c7491eddd9ba98f0c,0.0,0.995,0.995,44.49656887318369,I-II
bbadabac3b854a1cfa39ed24,0.0,0.0,0.0,-5.434946440955132,III-V
bc632759cde3e92f84aebfe4,0.0,0.995,0.995,-13.805485259026968,III-V
bcda6111f76e0b262f1dcb3c,0.002903391448073637,0.012884615384615385,0.015788006832689022,22.60060924570518,III-V
bdad77fddcdfb74ee4dd1bc8,-0.125,0.37,0.245,26.194905851168777,III-V
be2afd3b9da486979819e029,-0.05629385964912287,0.4775,0.4212061403508771,71.51880542762804,I-II
bf5982d36eb87a21b3e1634e,0.0,0.995,0.995,7.762790650890919,III-V
bfc05e4a806a7976b9674eb7,-0.13958333333333334,0.1675,0.027916666666666666,68.42054932932635,I-II
c020866d993df86293369f10,0.011928607340372044,0.0015158371040723982,0.013444444444444443,53.3892452215504,I-II
c0e9448adc9cb3ffb44d5691,0.0,0.995,0.995,31.38413161179476,III-V
c511abffd5ffec0fbde3b743,-0.4729999999999999,0.753,0.2800000000000001,66.16611881289059,I-II
c63dee141e8a64d43a0f1886,0.0,0.995,0.995,28.74173534127753,III-V
c691e8ac0fec475ccfeef5b7,-0.08630276554895447,0.2962723019670388,0.20996953641808433,-5.823937755673735,III-V
c74dec14a9b6aa130e4c5070,0.1457806598514563,0.14167665667665671,0.287457316528113,-13.932599398407763,III-V
c7a1c5b5ccb80e21c6cd41a5,-0.1699091799321354,0.8480352303523034,0.678126050420168,2.088819069123265,III-V
c9cf19ba84bae46d4995d37f,0.0,0.995,0.995,85.65034140586202,I-II
cefe529bd5937d373adb2c95,0.0,0.995,0.995,37.3517621314878,III-V
cf50e0e77bcf10def72233de,-0.3408679365656522,0.6793274979800699,0.3384595614144177,74.08449335086394,I-II
cfc486c8669c915f8c914a36,-0.11495833333333338,0.5093333333333334,0.39437500000000003,52.65754653978812,I-II
d00d0854f045f708e40f3350,0.0,0.995,0.995,48.48217278896092,I-II
d04dc9e55527506d36dc134f,0.0,0.995,0.995,55.45121484410712,I-II
d1c6eb9ed7ff3987f1b13685,-0.13606578259842195,0.5242718455633069,0.3882060629648849,16.52280087381362,III-V
d1fada22d8936278bde6503d,0.022239130434782612,0.01076086956521739,0.033,18.455073600755583,III-V
d217da2f11f6ace74e5d6263,0.0,0.995,0.995,66.00495107509435,I-II
d5748994d0d40ef5898505a8,0.0,0.995,0.995,29.65623116379043,III-V
d7503554713e32fb341bf16f,0.025131578947368283,0.46,0.4851315789473683,-2.728880569359457,III-V
d751d537d455c5c1b6be31c2,-7.73755656108821e-05,0.47321241830065364,0.47313504273504275,49.62926570939283,I-II
d819a2eacdedc739c70870fe,0.082373408329391,0.579919696969697,0.662293105299088,-25.665607448398653,III-V
d87906ecf1149c8334557a31,0.041370391828168096,0.2263862067989676,0.2677565986271357,-14.287387964597071,III-V
d9bd3d1d36aa131391e9ac29,-0.14055555555555554,0.5,0.35944444444444446,40.64699515158512,III-V
da3fd377ee1112010d08e1f3,0.11122807017543834,0.6516666666666668,0.7628947368421052,44.33409688378202,I-II
dc9d4d5e3c7fea903ea14b70,-0.74625,0.995,0.24875,-37.68766190963479,VI
de41ed8980c77d08ecced77c,0.0,0.995,0.995,16.224942741835658,III-V
ded01b7b9d90b3bd3cc08be0,0.0,0.995,0.995,-9.779242781497883,III-V
df238633fb4c3f7ac3243730,0.125,0.37,0.495,48.83047080813293,I-II
df301033a11dbd9dd051f64d,-0.4975,0.995,0.4975,-10.776585394421236,III-V
df380e8355ad4a0876ae28de,0.0,0.995,0.995,36.306750340347406,III-V
e03e689cba9795fd074f9898,0.0,0.995,0.995,22.90110541612804,III-V
e3b95aab17e2c85b73f190a1,0.10888888888888892,0.855,0.9638888888888889,27.387679368299352,III-V
e58ff067f88ed73ffb92775c,0.004693396226415095,0.0,0.004693396226415095,3.4342424589578124,III-V
e5cb56865e498869d68c76a9,0.00951923076923077,0.0,0.00951923076923077,55.11059832108642,I-II
e69b56349ece2021c5a325af,-0.189459178397955,0.21311810512654117,0.023658926728586174,-19.663888017246,III-V
e780ae90789a5c3f7b9b002d,0.0,0.995,0.995,85.21043425077022,I-II
e7efc57af1bfadbfc1596a17,0.0,0.995,0.995,43.9863794198214,I-II
e8a6d05db5f4a4b474b74942,0.009617646011628511,0.0850340291765855,0.094651675188214,14.387912542636156,III-V
ea2f5854e3b5c6d41d18aaf9,-0.11486718436263299,0.39007762125153433,0.27521043688890134,47.8545575621818,I-II
ea5ed42bb5f37f2ad29f53b6,-0.33261559139784935,0.7052499999999999,0.3726344086021506,13.63748408569827,III-V
ea6db4eb785e3d8ad0b0ff0b,-0.07499999999999996,0.995,0.92,78.91105980695853,I-II
ee6b8a0388b3809b77bd799b,-0.12307692307692308,0.945,0.8219230769230769,15.187856100419252,III-V
ee835c0d37e9b108cb5d60e9,-0.1805823319827895,0.9721428571428571,0.7915605251600676,58.747061301853165,I-II
ef7c707eb5387a4d9737677e,-0.19999999999999996,0.695,0.495,13.303333336433203,III-V
f0da825b45e10a72a03fa2ec,0.21166666666666678,0.2858333333333332,0.4975,44.880613772990806,I-II
f25a11ef588eda5f130531a5,-0.2009542124542122,0.46197802197802185,0.26102380952380966,47.15578878846695,I-II
f27eaa14593ec8c8aa59029a,0.0,0.995,0.995,36.46429388550936,III-V
f4534d1be220d702c0ad1714,-0.15423076923076923,0.43666666666666665,0.2824358974358974,49.57930659798866,I-II
f4a42af25ae73c21cb9c840c,0.029343359459168328,0.5413069381598793,0.5706502976190476,39.950229625257336,III-V
f8becc54c0f36a4101a78fa7,-0.08769328179894542,0.8853023097466816,0.7976090279477361,32.172955228843904,III-V
fd55526fbffef1b60d9510be,-0.4975,0.995,0.4975,52.27125908761948,I-II
fe64cb9716022e261b2a5633,0.0,0.4975,0.4975,-82.10455844718622,VI
