class,instances,precision,recall,F1,mAP50,mAP50_95,model,seed
Warts,110,0.534768731660469,0.47025584428733086,0.500441735304432,0.47026370377316784,0.1843206812952548,A,42
Molluscum,213,0.47986072076520725,0.6291079812206573,0.5444413512610332,0.5431040423011773,0.2330517908542351,A,42
Varicella,329,0.39040722201776135,0.46200607902735563,0.4231996606510988,0.4030364396740046,0.14488834881032958,A,42
HFMD,368,0.43363218546141236,0.38315217391304346,0.4068322627172977,0.3219810563876617,0.11201072149505001,A,42
Tinea versicolor,233,0.37725842132237286,0.13733905579399142,0.20137026580497722,0.14513655858822527,0.06068226572167172,A,42
Tinea corporis,42,0.536931492979669,0.6428571428571429,0.5851391257758716,0.5922348147288061,0.29609069336801574,A,42
Tinea pedis,8,0.4274671032094569,0.75,0.5445592943246106,0.6152857142857143,0.3669460317460318,A,42
Impetigo,132,0.43885883920865243,0.35549709018996667,0.3928038668029702,0.317430321156334,0.12081302770481836,A,42
Warts,110,0.5286395999913192,0.4818181818181818,0.5041441126788766,0.48105502829813385,0.21631342857615735,B,42
Molluscum,213,0.5775851843786205,0.6226906568521341,0.5992904055787618,0.5856231167510656,0.2561323722045141,B,42
Varicella,329,0.42455987016697233,0.3857201801020989,0.4042091608464203,0.3290498463119155,0.11479984097153124,B,42
HFMD,368,0.46178834918604145,0.3031024268651403,0.3659847228356957,0.2997109430434367,0.09522601218853514,B,42
Tinea versicolor,233,0.3826881479853572,0.1759656652360515,0.24107944112969776,0.17164155909689247,0.0735667012039661,B,42
Tinea corporis,42,0.7429692210800682,0.5952380952380952,0.6609492842902469,0.6209398022917013,0.37154495692302425,B,42
Tinea pedis,8,0.8207580361184244,0.5,0.6214295227993085,0.6323447368421051,0.26136067629586424,B,42
Impetigo,132,0.4931968545663331,0.3560606060606061,0.4135564986722301,0.3503447098299118,0.11815226990681282,B,42
Warts,110,0.4627944159139398,0.4090909090909091,0.4342887370592618,0.40543608292658545,0.19006974674507496,C,42
Molluscum,213,0.5329088170101802,0.5915492957746479,0.5607000062167656,0.5575513252802384,0.23504479342273815,C,42
Varicella,329,0.36097866666176665,0.26270410075528805,0.30409875331318675,0.23715216277008602,0.07589495126132266,C,42
HFMD,368,0.4084577644397135,0.2798913043478261,0.33216802824008695,0.27666500435314556,0.09216152279120218,C,42
Tinea versicolor,233,0.34908517430264757,0.13581200098484641,0.1955464310885178,0.12345258842234777,0.051007261905927116,C,42
Tinea corporis,42,0.685713339070003,0.6234666041701278,0.6531101689291894,0.6630547594246976,0.3864815556159291,C,42
Tinea pedis,8,0.5950653834358921,0.75,0.6636094320364916,0.7413999999999998,0.49815628998968,C,42
Impetigo,132,0.43139818463769497,0.4318181818181818,0.43160808105330495,0.36839993280556593,0.12332497223836884,C,42
Warts,110,0.5253290553593257,0.4628190046454626,0.4920968432839226,0.42807902418828203,0.1891719521312088,C,43
Molluscum,213,0.501263603311255,0.6854460093896714,0.5790618578710005,0.5949500131714913,0.25566753112606305,C,43
Varicella,329,0.36040408438836163,0.3829787234042553,0.371348636804202,0.27045392458850454,0.09683854310982273,C,43
HFMD,368,0.4365006468394373,0.26358695652173914,0.32868994242373467,0.2627616547586353,0.0922615103492076,C,43
Tinea versicolor,233,0.37689511405647197,0.13304721030042918,0.1966686862649197,0.14561367605270104,0.05272386970012203,C,43
Tinea corporis,42,0.5681042985773582,0.47619047619047616,0.5181024802609999,0.5451307602368496,0.3137751016798206,C,43
Tinea pedis,8,0.6935474928206329,0.625,0.6574919528846456,0.6823333333333333,0.3746823850752422,C,43
Impetigo,132,0.45485091528929067,0.30303030303030304,0.36373407167770944,0.2754899314510653,0.1001908998804177,C,43
Warts,110,0.6249331503033094,0.42727272727272725,0.5075373502158308,0.45486194060583207,0.2155148226313126,C,44
Molluscum,213,0.5050125742498626,0.6384976525821596,0.5639640741584335,0.5621132387587717,0.25146864725782697,C,44
Varicella,329,0.38700211681346397,0.30511216658482276,0.34121259209996224,0.2507985158070985,0.08693675710577203,C,44
HFMD,368,0.43446548899576043,0.315228414385629,0.3653647617612741,0.3011144618566107,0.10341190270405484,C,44
Tinea versicolor,233,0.3719067935078527,0.12017167381974249,0.18164851684525507,0.15913165245255761,0.06557831061481263,C,44
Tinea corporis,42,0.7479541055047384,0.5476190476190477,0.6322976266244484,0.6387854309919341,0.3766470424894882,C,44
Tinea pedis,8,0.9429619815362229,0.5,0.6534905240762586,0.6112454212454212,0.37057653642653643,C,44
Impetigo,132,0.39580181433470274,0.3409090909090909,0.3663104095367237,0.31203137483913257,0.11260781259664213,C,44
Warts,110,0.43593543709154353,0.43636363636363634,0.4361494316291081,0.40989794692776427,0.19924775938394862,D,42
Molluscum,213,0.5012534123554296,0.7464788732394366,0.5997682143555544,0.6266750160702866,0.24940163310842536,D,42
Varicella,329,0.4678422653246426,0.3556231003039514,0.4040862525431658,0.30996786226118517,0.10712923679735539,D,42
HFMD,368,0.4457487273918283,0.29347826086956524,0.35393069619238005,0.25602320991571303,0.09090592496523278,D,42
Tinea versicolor,233,0.333824899206206,0.15450643776824036,0.21124221244638974,0.13130196918744574,0.053525193987736176,D,42
Tinea corporis,42,0.5521078554507025,0.5952380952380952,0.5728623141907158,0.5980958326943138,0.3794680312305289,D,42
Tinea pedis,8,1.0,0.4955074346806847,0.6626612789611221,0.6673529411764707,0.46797058823529414,D,42
Impetigo,132,0.41090798522005545,0.36363636363636365,0.3858296448878087,0.3151750237528895,0.11987082708752732,D,42
Warts,110,0.46473832115234714,0.45454545454545453,0.4595853794385424,0.3640312647227507,0.17260645911429937,D,43
Molluscum,213,0.4805800752087314,0.7183098591549296,0.5758750594883845,0.6108327966169975,0.2648446611360387,D,43
Varicella,329,0.38210125228562913,0.3221884498480243,0.3495965077607604,0.2690448640802639,0.093574035360099,D,43
HFMD,368,0.3952609209180995,0.2717437002706541,0.3220657303130594,0.23779213280312034,0.08197295002445036,D,43
Tinea versicolor,233,0.23629379367769687,0.09012875536480687,0.1304864849997002,0.08368919612001388,0.03309309211599995,D,43
Tinea corporis,42,0.4626667544174859,0.6190476190476191,0.529553382594252,0.5615258433108024,0.3471001690169392,D,43
Tinea pedis,8,0.46213725939438716,0.625,0.5313694929054205,0.7056623931623931,0.4713201114649298,D,43
Impetigo,132,0.3572178569668226,0.4393939393939394,0.3940673791464436,0.32785212465857305,0.11361796522720555,D,43
Warts,110,0.5256697369804193,0.43636363636363634,0.47687151882839485,0.4108236922108619,0.19108770706947248,D,44
Molluscum,213,0.5864535869342559,0.7230046948356808,0.6476093244965061,0.6914530624945019,0.30053445981381366,D,44
Varicella,329,0.38353510968554555,0.3161094224924012,0.3465733138822608,0.22185440404119927,0.07384138739774151,D,44
HFMD,368,0.4163139376848495,0.29891304347826086,0.3479781088611308,0.26600219576355494,0.0928108152924255,D,44
Tinea versicolor,233,0.2710314635651314,0.12875536480686695,0.1745768118853401,0.11194138315602212,0.046574224208921614,D,44
Tinea corporis,42,0.4565371296240476,0.6190476190476191,0.5255154899688395,0.5675137236563097,0.344633943017025,D,44
Tinea pedis,8,0.5848068495150516,0.625,0.6042357605983448,0.5967400558949694,0.46067480176784087,D,44
Impetigo,132,0.40054680098909523,0.3787878787878788,0.3893635867592832,0.32355758111040167,0.113326449835086,D,44
