cluster,gt_lesions,detected,correct,within_cluster_errors,cross_cluster_errors,missed,within_cluster_rate_of_detected,within_cluster_rate_of_all_gt,model,seed
Vesiculopapular/Eruptive,1042,457,417,32,8,585,0.0700218818380744,0.030710172744721688,A,42
Papulosquamous/Verrucous,393,112,100,0,12,281,0.0,0.0,A,42
Vesiculopapular/Eruptive,1042,457,415,26,16,585,0.05689277899343545,0.02495201535508637,B,42
Papulosquamous/Verrucous,393,132,120,1,11,261,0.007575757575757576,0.002544529262086514,B,42
Vesiculopapular/Eruptive,1042,340,310,18,12,702,0.052941176470588235,0.01727447216890595,C,42
Papulosquamous/Verrucous,393,109,98,4,7,284,0.03669724770642202,0.010178117048346057,C,42
Vesiculopapular/Eruptive,1042,381,341,29,11,661,0.07611548556430446,0.02783109404990403,C,43
Papulosquamous/Verrucous,393,110,93,6,11,283,0.05454545454545454,0.015267175572519083,C,43
Vesiculopapular/Eruptive,1042,465,415,41,9,577,0.08817204301075268,0.03934740882917467,C,44
Papulosquamous/Verrucous,393,114,105,1,8,279,0.008771929824561403,0.002544529262086514,C,44
Vesiculopapular/Eruptive,1042,435,399,27,9,607,0.06206896551724138,0.025911708253358926,D,42
Papulosquamous/Verrucous,393,113,103,2,8,280,0.017699115044247787,0.005089058524173028,D,42
Vesiculopapular/Eruptive,1042,396,360,24,12,646,0.06060606060606061,0.023032629558541268,D,43
Papulosquamous/Verrucous,393,116,93,10,13,277,0.08620689655172414,0.02544529262086514,D,43
Vesiculopapular/Eruptive,1042,400,359,29,12,642,0.0725,0.02783109404990403,D,44
Papulosquamous/Verrucous,393,111,97,8,6,282,0.07207207207207207,0.020356234096692113,D,44
